ratings,text,date,sentimentType,commentCategoryName
5,ได้รับแล้วค่ะ,2025-04-29,Neutral,Other
5,สินค้าตรงปก,2025-04-29,Positive,Product
5,"🎧คุณภาพเสียง:เสียงที่ชัดเจนและคมชัด, 
 🔋อายุการใช้งานแบตเตอรี่:อายุการใช้งานแบตเตอรี่ยาวนาน, 
 😌ความสะดวกสบาย:ไม่เจ็บหู",2025-04-29,Positive,Product
5,,2025-04-29,Neutral,Other
5,,2025-04-29,Neutral,Other
5,"😌ความสะดวกสบาย:โอเค
 🎧คุณภาพเสียง:ดีมาก
 🔋อายุการใช้งานแบตเตอรี่:ดี",2025-04-29,Positive,Product
5,"เสียงที่ชัดเจนและคมชัด, การออกแบบที่กะทัดรัดและพกพาได้, 
 🔋อายุการใช้งานแบตเตอรี่:หมดไวมากกกก",2025-04-29,Positive,Product
5,"การออกแบบที่กะทัดรัดและพกพาได้, ไมโครโฟนในตัวสำหรับการโทรแบบแฮนด์ฟรี, การเชื่อมต่อไร้สายที่สะดวก, ใช้งานและจับคู่ได้ง่าย, การออกแบบที่เพรียวบางและมีสไตล์, สวมใส่สบายเป็นเวลานาน,",2025-04-29,Positive,Product
5,"เสียงที่ชัดเจนและคมชัด, อายุการใช้งานแบตเตอรี่ยาวนาน, กันน้ำสำหรับการใช้งานกลางแจ้ง, เชื่อมต่อง่าย",2025-04-29,Positive,Product
5,"ใช้งานและจับคู่ได้ง่าย, การออกแบบที่เพรียวบางและมีสไตล์, เสียงที่ชัดเจนและคมชัด, จัดส่งมารวดเร็ว",2025-04-29,Positive,Product
5,"การเชื่อมต่อไร้สายที่สะดวก, ใช้งานและจับคู่ได้ง่าย, อายุการใช้งานแบตเตอรี่ยาวนาน, สวมใส่สบายเป็นเวลานาน, เสียงที่ชัดเจนและคมชัด,",2025-04-29,Positive,Product
5,😌ความสะดวกสบาย:  ดีมากกกก,2025-04-29,Positive,Other
5,ดีมากค่ะ,2025-04-29,Positive,Product
5,"การเชื่อมต่อไร้สายที่สะดวก อายุการใช้งานแบตเตอรี่ยาวนาน 

 😌ความสะดวกสบาย:👍
 🎧คุณภาพเสียง:ฟังครั้งแรกอาจรู้สึกเสียงก้องๆต้องรอให้หูคุ้นชินเสียงถึงจะดีขึ้น
 🔋อายุการใช้งานแบตเตอรี่:ถือว่าอีดพอควรค่ะโดยรวมดีหมดค่ะ",2025-04-29,Positive,Product
5,ได้รับสินค้าไว ห่อมาดี ขนส่งดี สินค้าใช้ได้ดี 🌻🌻🌻🌻🌻🌻🌻🌻🌻🌻🌻🌻🌻🌻🌻🌻🌻🌻🌻🌻🌻🌻🌻🌻👍🏻👍🏻👍🏻👍🏻👍🏻👍🏻👍🏻👍🏻👍🏻👍🏻👍🏻👍🏻👍🏻👍🏻👍🏻👍🏻👍🏻👍🏻👍🏻👍🏻👍🏻👍🏻👍🏻👍🏻👍🏻👍🏻👍🏻👍🏻👍🏻👍🏻👍🏻👍🏻👍🏻👍🏻👍🏻👍🏻,2025-04-29,Positive,Delivery
5,เเย่อะสายชาร์จใช้งานไม่ได้ต้องใช้สายอื่นเเทน,2025-04-29,Negative,Product
5,"การเชื่อมต่อไร้สายที่สะดวก,",2025-04-29,Positive,Product
5,"เสียงที่ชัดเจนและคมชัด, สวมใส่สบายเป็นเวลานาน, การออกแบบที่เพรียวบางและมีสไตล์, อายุการใช้งานแบตเตอรี่ยาวนาน, อายุการใช้งานแบตเตอรี่ยาวนาน,",2025-04-29,Positive,Product
5,ใช้ดีจนต้องกลังมาซื้ออีก,2025-04-29,Positive,Product
5,ได้รับของแล้วครับทางร้านจัดส่งสินค้ารวดเร็วมากสินค้าตามสั่งเลยครับไม่ผิดหวังๆๆๆๆๆๆๆๆ,2025-04-29,Positive,Delivery
5,"การออกแบบที่กะทัดรัดและพกพาได้, อายุการใช้งานแบตเตอรี่ยาวนาน,",2025-04-29,Positive,Product
5,ดีคะะ,2025-04-29,Positive,Product
5,"ใช้งานและจับคู่ได้ง่าย, 
 🎧คุณภาพเสียง:ชัดเจน",2025-04-22,Positive,Product
5,"เสียงคุณภาพสูง, กันน้ำสำหรับการใช้งานกลางแจ้ง,",2025-04-22,Neutral,Product
5,"😌ความสะดวกสบาย:ดี
 🎧คุณภาพเสียง:ดี
 🔋อายุการใช้งานแบตเตอรี่:ดี",2025-04-22,Positive,Product
5,"สินค้าคุณภาพโอเค
ส่งไว
ติดตั้งซองกันกระแทกอย่างดี
ฟัง bluetooth เชื่อมต่อได้ไว
เสียงคุณภาพสูง, กันน้ำสำหรับการใช้งานกลางแจ้ง, เสียงที่ชัดเจนและคมชัด,",2025-04-22,Positive,Product
5,"การออกแบบที่กะทัดรัดและพกพาได้, การเชื่อมต่อไร้สายที่สะดวก,",2025-04-22,Positive,Product
5,"🎧คุณภาพเสียง:ใช้งานและจับคู่ได้ง่าย,",2025-04-22,Positive,Product
5,"ใช้งานและจับคู่ได้ง่าย, การออกแบบที่กะทัดรัดและพกพาได้, การออกแบบที่เพรียวบางและมีสไตล์,",2025-04-22,Positive,Product
5,ใช้แล้วเสียงดังดีมากเลยค่ะ,2025-04-22,Positive,Product
5,🎧คุณภาพเสียง：,2025-04-22,Neutral,Product
5,"การเชื่อมต่อไร้สายที่สะดวก, การเชื่อมต่อไร้สายที่สะดวก, การออกแบบที่เพรียวบางและมีสไตล์, การออกแบบที่เพรียวบางและมีสไตล์, อายุการใช้งานแบตเตอรี่ยาวนาน, อายุการใช้งานแบตเตอรี่ยาวนาน, ใช้งานและจับคู่ได้ง่าย, การออกแบบที่กะทัดรัดและพกพาได้,",2025-04-22,Positive,Product
5,"เสียงคุณภาพสูง, เสียงที่ชัดเจนและคมชัด, กันน้ำสำหรับการใช้งานกลางแจ้ง,",2025-04-20,Positive,Product
5,"สวมใส่สบายเป็นเวลานาน,",2025-04-20,Positive,Other
5,"การเชื่อมต่อไร้สายที่สะดวก, เสียงคุณภาพสูง,",2025-04-20,Positive,Product
5,"ใช้งานและจับคู่ได้ง่าย, เสียงคุณภาพสูง,",2025-04-20,Positive,Product
5,ได้รับสินค้าครบตรงตามที่สั่ง ีคุณภาพเสียงดี สมราคาอายุการใช้งานยังบอกไม่ได้ ต้องใช้สักระยะ,2025-04-19,Negative,Service
5,ดีจริงมีใสชัดให้ด้วย,2025-04-19,Neutral,Other
5,"เสียงที่ชัดเจนและคมชัด,",2025-04-19,Neutral,Other
5,"อายุการใช้งานแบตเตอรี่ยาวนาน, การเชื่อมต่อไร้สายที่สะดวก,",2025-04-19,Positive,Product
3,🎧คุณภาพเสียง:ข้อนข้างดีแต่เสียงไม่ตรงกับภาพ,2025-04-19,Negative,Product
5,"เสียงก้องเหมือนแตกเลย ละตัวหูฟังเวลาเอาเข้าชาร์จการเชื่อมต่อไร้สายที่สะดวก, ก็ไม่สนิท กลัวหลุดมากการออกแบบที่กะทัดรัดและพกพาได้",2025-04-18,Negative,Product
5,🎧คุณภาพเสียง:หูฟังไม่ได้ยิน 1 ข้าง,2025-04-18,Negative,Product
5,"🎧คุณภาพเสียง:D
 😌ความสะดวกสบาย:D สัญญาณ บูทุตหลุดบ่อย
 🔋อายุการใช้งานแบตเตอรี่:D",2025-04-17,Positive,Product
5,🎧คุณภาพเสียง:ดี,2025-04-15,Positive,Product
5,"ใช้งานและจับคู่ได้ง่าย,",2025-04-13,Positive,Product
5,"ดีเยี่ยมห่อพัสดุเรียบร้อยพนักงานส่งพัสดุพูดจาสุภาพอ่อนหวานการส่งพัสดุรวดเร็วการออกแบบที่กะทัดรัดและพกพาได้,",2025-04-12,Positive,Delivery
5,"🎧คุณภาพเสียง:ดี
 😌ความสะดวกสบาย:ดี",2025-04-12,Positive,Product
5,"อายุการใช้งานแบตเตอรี่ยาวนาน, การออกแบบที่กะทัดรัดและพกพาได้,",2025-04-12,Positive,Product
5,,2025-04-12,Neutral,Other
5,ok ของจัดส่งเร็วดี  ของตรงปกลองใช้แล้ว. ok,2025-04-12,Positive,Delivery
5,สีดำได้มาชาจเข้าปกติ แต่เชื่อมต่อกับโทรศัพท์ไม่ได้ ไม่รู้ว่าเสียหรือฮะไร พยายามทำหลายครั้งแล้ว มันไม่ขึ้นให้เชื่อมต่อเลย,2025-04-12,Negative,Product
5,"การออกแบบที่กะทัดรัดและพกพาได้, ไมโครโฟนในตัวสำหรับการโทรแบบแฮนด์ฟรี, กันน้ำสำหรับการใช้งานกลางแจ้ง,",2025-04-12,Positive,Product
5,🎧คุณภาพเสียง：,2025-04-12,Neutral,Product
5,"เสียงที่ชัดเจนและคมชัด,",2025-04-12,Neutral,Other
5,"🎧คุณภาพเสียง:ดี
 😌ความสะดวกสบาย:ดี",2025-04-12,Positive,Product
5,ดีมากครับ,2025-04-11,Positive,Other
5,"เสียงที่ชัดเจนและคมชัด,",2025-04-11,Neutral,Other
5,"😌ความสะดวกสบาย:พกได้ง่ายมากๆ
 🎧คุณภาพเสียง:เสียงดี
 🔋อายุการใช้งานแบตเตอรี่:นานนน",2025-04-11,Positive,Product
5,"ใช้ดีมากๆๆแต่แอบหลุดบ่อยนนิดนึ่งใช้งานและจับคู่ได้ง่าย, เสียงที่ชัดเจนและคมชัด,",2025-04-11,Positive,Product
5,😌ความสะดวกสบาย:ใช้ดีครับ,2025-04-11,Positive,Product
5,"การออกแบบที่กะทัดรัดและพกพาได้, ใช้งานและจับคู่ได้ง่าย,",2025-04-10,Positive,Product
5,ขอดีมีคุณภาพมากๆ,2025-04-10,Positive,Product
5,"ดีไซน์ล้ำ ๆ น่าสนใจ – เคสดีไซน์แบบใส มีไฟ LED สีฟ้าชัดเจน ดูล้ำและทันสมัยมาก
หน้าจอแสดงผล LED ชัดเจน – แสดงแบตเตอรี่ทั้งฝั่งซ้าย (L) และขวา (R) ของหูฟัง พร้อมตัวเลขเปอร์เซ็นต์ของเคสชัดเจน ใช้งานสะดวก 
ขนาดพกพาได้ง่าย – ดูแล้วน่าจะขนาดเล็กพอเหมาะ ถือสะดวกใส่กระเป๋าได้สบาย",2025-04-10,Positive,Product
5,"😌ความสะดวกสบาย:เชื่อมต่อไวและง่าย
 🎧คุณภาพเสียง:เสียงดี",2025-04-10,Positive,Product
5,ใช้งานดีมากๆ,2025-04-10,Positive,Other
5,"ใช้งานและจับคู่ได้ง่าย, การเชื่อมต่อไร้สายที่สะดวก,",2025-04-10,Positive,Product
5,เสียงดี ใช้งานง่าย,2025-04-09,Neutral,Other
2,หูฟังดีเลมาก แต่ก็ตรงปก,2025-04-09,Positive,Product
5,โอเคตรงปก....,2025-04-09,Negative,Product
1,มีปัญหาข้าง1,2025-04-09,Neutral,Other
5,"การเชื่อมต่อไร้สายที่สะดวก, ไมโครโฟนในตัวสำหรับการโทรแบบแฮนด์ฟรี, อายุการใช้งานแบตเตอรี่ยาวนาน, เสียงคุณภาพสูง,",2025-04-08,Positive,Product
5,"เสียงคุณภาพสูง, การเชื่อมต่อไร้สายที่สะดวก, สวมใส่สบายเป็นเวลานาน,",2025-04-08,Positive,Product
5,แบทน้อยไปหน่อยแต่โดยรวมดี,2025-04-08,Neutral,Product
5,"ราคาถูกืเสียงดี เวลาหายคือหายเลย เหลือแต่กล่อง  5555

ของเขาดีจริงค่ะ ราคาไม่ถึงร้อย เสียงชัด",2025-04-08,Negative,Product
5,"สวมใส่สบายเป็นเวลานาน, การออกแบบที่เพรียวบางและมีสไตล์,",2025-04-08,Positive,Product
1,ไม่มีกล่อง ใส่ซองมา,2025-04-08,Negative,Product
5,😌ความสะดวกสบาย：,2025-04-07,Neutral,Other
5,"การเชื่อมต่อไร้สายที่สะดวก,",2025-04-07,Positive,Product
5,"ใช้งานและจับคู่ได้ง่าย, การเชื่อมต่อไร้สายที่สะดวก, 
 🎧คุณภาพเสียง:เสียงไม่เท่ากันสงสัยแล้วแต่อัน",2025-04-07,Negative,Product
5,"การออกแบบที่เพรียวบางและมีสไตล์, ใช้งานและจับคู่ได้ง่าย, 
 🎧คุณภาพเสียง:เสียงไม่เท่ากันเซ็งมากแต่เรดราคานี้ถือว่าคุ้ม",2025-04-07,Positive,Product
5,ดี,2025-04-07,Positive,Product
5,"🎧คุณภาพเสียง:ดี
 🔋อายุการใช้งานแบตเตอรี่:ทน",2025-04-07,Positive,Product
5,ดีคับตรงปกคับ,2025-04-07,Positive,Product
5,"เสียงคุณภาพสูง, การออกแบบที่เพรียวบางและมีสไตล์, การออกแบบที่กะทัดรัดและพกพาได",2025-04-07,Positive,Product
3,การเชื่อมต่อไร้สายที่สะดวก,2025-04-07,Positive,Product
5,"การเชื่อมต่อไร้สายที่สะดวก, เสียงที่ชัดเจนและคมชัด, 
 🔋อายุการใช้งานแบตเตอรี่:4-5H",2025-04-07,Positive,Product
5,"สินค้าพิ้งพอใจมากๆคะไมโครโฟนในตัวสำหรับการโทรแบบแฮนด์ฟรี, 
 ใช้งานและจับคู่ได้ง่าย,",2025-04-06,Positive,Product
5,"การออกแบบที่เพรียวบางและมีสไตล์, อายุการใช้งานแบตเตอรี่ยาวนาน, สวมใส่สบายเป็นเวลานาน,",2025-04-06,Positive,Product
5,"ดีครับ

 🎧คุณภาพเสียง:ดีมาก",2025-04-06,Positive,Product
5,"🎧คุณภาพเสียง:เสียงดี
 😌ความสะดวกสบาย:สวมใส่สบายเป็นเวลานาน, 
 🔋อายุการใช้งานแบตเตอรี่:อายุการใช้งานแบตเตอรี่ยาวนาน,",2025-04-06,Positive,Product
5,good,2025-04-06,Neutral,Other
5,สวย,2025-04-06,Positive,Product
5,"Waterproof for outdoor use, Clear and crisp audio, High-quality sound, High-quality sound, Compact and portable design, Comfortable fit for long hours,",2025-04-06,Neutral,Other
5,ใช้ได้สองข้างครับ,2025-04-05,Neutral,Other
5,"สวมใส่สบายเป็นเวลานาน,",2025-04-05,Positive,Other
5,"กันน้ำสำหรับการใช้งานกลางแจ้ง,",2025-04-05,Neutral,Other
5,"เสียงที่ชัดเจนและคมชัด,",2025-04-05,Neutral,Other
5,"สวมใส่สบายเป็นเวลานาน,",2025-04-05,Positive,Other
5,"การเชื่อมต่อไร้สายที่สะดวก,",2025-04-05,Positive,Product
5,😌ความสะดวกสบาย：,2025-04-05,Neutral,Other
5,"Easy to use and pair, Long battery life, Built-in microphone for hands-free calls, Sleek and stylish design,",2025-04-05,Neutral,Other
5,"ไมโครโฟนในตัวสำหรับการโทรแบบแฮนด์ฟรี, เสียงที่ชัดเจนและคมชัด, ใช้งานและจับคู่ได้ง่าย, การเชื่อมต่อไร้สายที่สะดวก,",2025-04-05,Positive,Product
5,"Thank you for this wonderful perfect product  its very easy to use and quality is very okay for the Price 🙏🍀🍀🍀Clear and crisp audio, Easy to use and pair,",2025-04-05,Neutral,Other
5,😌ความสะดวกสบาย：,2025-04-05,Neutral,Other
5,เสียงดัง ชัดเ,2025-04-04,Neutral,Other
5,"การเชื่อมต่อไร้สายที่สะดวก, การออกแบบที่กะทัดรัดและพกพาได้,",2025-04-04,Positive,Product
5,"สวมใส่สบายเป็นเวลานาน,",2025-04-04,Positive,Other
5,"การออกแบบที่กะทัดรัดและพกพาได้,",2025-04-04,Positive,Product
5,🎧คุณภาพเสียง:ดีคับ,2025-04-04,Positive,Product
5,"🎧คุณภาพเสียง:ดี
 😌ความสะดวกสบาย:ดี
 🔋อายุการใช้งานแบตเตอรี่:ดี",2025-04-04,Positive,Product
5,"อายุการใช้งานแบตเตอรี่ยาวนาน, อายุการใช้งานแบตเตอรี่ยาวนาน, กันน้ำสำหรับการใช้งานกลางแจ้ง, เสียงคุณภาพสูง, ไมโครโฟนในตัวสำหรับการโทรแบบแฮนด์ฟรี, การเชื่อมต่อไร้สายที่สะดวก, การเชื่อมต่อไร้สายที่สะดวก, เสียงที่ชัดเจนและคมชัด, เสียงที่ชัดเจนและคมชัด, สวมใส่สบายเป็นเวลานาน, การออกแบบที่เพรียวบางและมีสไตล์,",2025-04-04,Positive,Product
5,"ฟังได้ข้างเดียว  เสียงที่ชัดเจนและคมชัด,",2025-04-04,Neutral,Other
5,"🎧คุณภาพเสียง:ดีเสียงที่ชัดเจนและคมชัด,",2025-04-04,Positive,Product
5,"ใช้งานและจับคู่ได้ง่าย, อายุการใช้งานแบตเตอรี่ยาวนาน, การเชื่อมต่อไร้สายที่สะดวก, เสียงที่ชัดเจนและคมชัด,",2025-04-04,Positive,Product
1,ส่งสินค้าดึกมาก,2025-04-04,Negative,Product
5,"Convenient wireless connectivity, Clear and crisp audio,",2025-04-03,Neutral,Other
5,"กันน้ำสำหรับการใช้งานกลางแจ้ง, การเชื่อมต่อไร้สายที่สะดวก, เสียงที่ชัดเจนและคมชัด, อายุการใช้งานแบตเตอรี่ยาวนาน, เสียงคุณภาพสูง, ใช้งานและจับคู่ได้ง่าย, การออกแบบที่กะทัดรัดและพกพาได้,",2025-04-03,Positive,Product
5,"🎧คุณภาพเสียง:มาถึงแล้วค่ะสวยมากขอบคุณค่ะการเชื่อมต่อไร้สายที่สะดวก,",2025-04-03,Positive,Product
5,ดีมากครับ,2025-04-03,Positive,Other
5,"Built-in microphone for hands-free calls, Compact and portable design, Compact and portable design, Easy to use and pair, Sleek and stylish design, Long battery life, Waterproof for outdoor use, Convenient wireless connectivity,",2025-04-03,Neutral,Other
5,"😌ความสะดวกสบาย:สวมใส่สบายเป็นเวลานาน, ไมโครโฟนในตัวสำหรับการโทรแบบแฮนด์ฟรี, 
 🎧คุณภาพเสียง:ดังมากๆ ไม่มีเสียงรบกวน
 🔋อายุการใช้งานแบตเตอรี่:2-3ชั่วโมง",2025-04-03,Positive,Product
5,"เสียงคุณภาพสูง, การเชื่อมต่อไร้สายที่สะดวก,",2025-04-03,Positive,Product
5,ได้รับสินค้าเรียบร้อย มีการจัดส่งสินค้ารวดเร็ว สินค้าใช้ได้ดีเสียง ดังฟังชัด เชื่อมต่อได้ง่าย,2025-04-03,Positive,Delivery
5,ได้รับสินค้าเรียบร้อย มีการจัดส่งสินค้ารวดเร็ว สินค้าใช้ได้ดีเสียง ดังฟังชัด เชื่อมต่อได้ง่าย,2025-04-03,Positive,Delivery
5,"การออกแบบที่เพรียวบางและมีสไตล์, เสียงที่ชัดเจนและคมชัด,",2025-04-03,Positive,Product
5,"สวมใส่สบายเป็นเวลานาน, กันน้ำสำหรับการใช้งานกลางแจ้ง, อายุการใช้งานแบตเตอรี่ยาวนาน, ใช้งานและจับคู่ได้ง่าย, เสียงที่ชัดเจนและคมชัด,",2025-04-03,Positive,Product
5,"เสียงที่ชัดเจนและคมชัด, ใช้งานและจับคู่ได้ง่าย, การเชื่อมต่อไร้สายที่สะดวก, เสียงคุณภาพสูง,",2025-04-03,Positive,Product
5,good,2025-04-03,Neutral,Other
5,"การเชื่อมต่อไร้สายที่สะดวก, อายุการใช้งานแบตเตอรี่ยาวนาน,",2025-04-02,Positive,Product
5,"การออกแบบที่กะทัดรัดและพกพาได้, ใช้งานและจับคู่ได้ง่าย, ไมโครโฟนในตัวสำหรับการโทรแบบแฮนด์ฟรี,",2025-04-02,Positive,Product
5,"การออกแบบที่กะทัดรัดและพกพาได้, อายุการใช้งานแบตเตอรี่ยาวนาน, การเชื่อมต่อไร้สายที่สะดวก,",2025-04-02,Positive,Product
5,"การออกแบบที่เพรียวบางและมีสไตล์, ใช้งานและจับคู่ได้ง่าย, ใช้งานและจับคู่ได้ง่าย, ใช้งานและจับคู่ได้ง่าย,",2025-04-02,Positive,Product
5,🎧คุณภาพเสียง:  ผ่าน,2025-04-02,Neutral,Product
5,"Waterproof for outdoor use, Clear and crisp audio, Sleek and stylish design, Built-in microphone for hands-free calls,",2025-04-02,Neutral,Other
5,,2025-04-02,Neutral,Other
5,"😌ความสะดวกสบาย:มาส่งเร็วมากครับ
 เสียงคุณภาพสูง,",2025-04-02,Positive,Delivery
5,"การออกแบบที่เพรียวบางและมีสไตล์, การออกแบบที่กะทัดรัดและพกพาได้, การเชื่อมต่อไร้สายที่สะดวก, กันน้ำสำหรับการใช้งานกลางแจ้ง, เสียงที่ชัดเจนและคมชัด,",2025-04-02,Positive,Product
5,"เสียงที่ชัดเจนและคมชัด, การออกแบบที่เพรียวบางและมีสไตล์
,",2025-04-02,Positive,Product
5,"สวมใส่สบายเป็นเวลานาน,",2025-04-01,Positive,Other
5,"การออกแบบที่กะทัดรัดและพกพาได้, เสียงที่ชัดเจนและคมชัด, กันน้ำสำหรับการใช้งานกลางแจ้ง, อายุการใช้งานแบตเตอรี่ยาวนาน,",2025-04-01,Positive,Product
5,รวดเร็วทันใจทันใช้วันเดียวได้รับสินค้าถือว่ารวดเร็วทันใจทันใจมากทางร้านเตรียมสินค้าให้ภายในวันที่สั่งซื้อไม่เกิน 24 ชั่วโมงได้รับสินค้ายอดเยี่ยมมากๆ,2025-04-01,Negative,Product
5,"เสียงที่ชัดเจนและคมชัด, เสียงคุณภาพสูง,",2025-04-01,Positive,Product
5,"การออกแบบที่เพรียวบางและมีสไตล์, กันน้ำสำหรับการใช้งานกลางแจ้ง, ใช้งานและจับคู่ได้ง่าย,",2025-04-01,Positive,Product
3,"การออกแบบที่กะทัดรัดและพกพาได้, การเชื่อมต่อไร้สายที่สะดวก,",2025-04-01,Positive,Product
5,"เสียงคุณภาพสูง, เสียงที่ชัดเจนและคมชัด, การออกแบบที่กะทัดรัดและพกพาได้, การออกแบบที่กะทัดรัดและพกพาได้, สวมใส่สบายเป็นเวลานาน, การเชื่อมต่อไร้สายที่สะดวก, กันน้ำสำหรับการใช้งานกลางแจ้ง, กันน้ำสำหรับการใช้งานกลางแจ้ง, อายุการใช้งานแบตเตอรี่ยาวนาน,",2025-04-01,Positive,Product
5,"🎧คุณภาพเสียง:ดีกว่าที่คิด
ถูกดีของแท้ชอบค่ะ",2025-04-01,Positive,Product
5,"อายุการใช้งานแบตเตอรี่ยาวนาน, เสียงคุณภาพสูง,",2025-04-01,Positive,Product
5,🎧คุณภาพเสียง:  ใช้ได้ข้างซ้ายข้างเดียว,2025-04-01,Neutral,Product
5,"อายุการใช้งานแบตเตอรี่ยาวนาน, กันน้ำสำหรับการใช้งานกลางแจ้ง, ไมโครโฟนในตัวสำหรับการโทรแบบแฮนด์ฟรี, ใช้งานและจับคู่ได้ง่าย,",2025-04-01,Positive,Product
5,"เสียงคุณภาพสูง, อายุการใช้งานแบตเตอรี่ยาวนาน, ใช้งานและจับคู่ได้ง่าย, สวมใส่สบายเป็นเวลานาน,",2025-04-01,Positive,Product
